INSERT INTO userAccount VALUES (
    876543210,
    'john@gmail.com',
    'password123',
    '2015-12-17',
    'M',
    1,
    '2019-03-12'
);

INSERT INTO userAccount VALUES (483957943,'adam@gmail.com','password123','2011-09-02','M',2,'2021-04-09'
);

INSERT INTO userAccount VALUES (
    463545392,
    'lenny@gmail.com',
    'password',
    '2000-11-19',
    'F',
    2,
    '2021-06-02'
);

INSERT INTO userAccount VALUES (
    563945091,
    'kelly@gmail.com',
    'password765',
    '2002-02-09',
    'F',
    1,
    '2021-06-02'
);


INSERT INTO artist VALUES(
    115687669,
    'Michael Jackson'
);

INSERT INTO artist VALUES(
    123753454,
    'Ed Sheeran'
);

INSERT INTO artist VALUES(
    115400888,
    'Arctic Monkeys'
);

INSERT INTO artist VALUES(
    878787878,
    'Artist1'
);

INSERT INTO artist VALUES(123454367,'Metallica');
INSERT INTO artist VALUES(295563748,'Megadeth');
INSERT INTO artist VALUES(377645389,'Anthrax');
INSERT INTO artist VALUES(428293746,'Eric Clapton');
INSERT INTO artist VALUES(587362987,'ZZ Top');
INSERT INTO artist VALUES(639879353,'Van Halen');
INSERT INTO artist VALUES(729204840,'Lynyrd Skynyrd');
INSERT INTO artist VALUES(834857584,'AC/DC');
INSERT INTO artist VALUES(993800393,'The Beatles');

INSERT INTO album VALUES(154637489,'...And Justice For All',1988,'Rock');
INSERT INTO album VALUES(209876546,'Black Album',1991,'Rock');
INSERT INTO album VALUES(398345623,'Master of Puppets',1986,'Rock');
INSERT INTO album VALUES(401246859,'Endgame',2009,'Rock');
INSERT INTO album VALUES(537902743,'Peace Sells',1986,'Rock');
INSERT INTO album VALUES(610638467, 'The Greater of 2 Evils',2004,'Rock');
INSERT INTO album VALUES(751649076,'Reptile',2001,'Rock');
INSERT INTO album VALUES(823749503,'Riding with the King',2000,'Rock');
INSERT INTO album VALUES(939872987,'Greatest Hits',1992,'Rock');
INSERT INTO album VALUES(103983921, 'Greatest Hits',2004,'Rock');
INSERT INTO album VALUES(112982982, 'All-Time Greatest Hits',1975,'Rock');
INSERT INTO album VALUES(128239871, 'Greatest Hits',2003,'Rock');
INSERT INTO album VALUES(133288329, 'Sgt. Pepper''s Lonely Hearts Club Band', 1967,'Rock');

INSERT INTO releases VALUES (
    154637489, 123454367
);
INSERT INTO releases VALUES (
    209876546, 123454367
);
INSERT INTO releases VALUES (
    398345623, 123454367
);
INSERT INTO releases VALUES (
    401246859, 295563748
);
INSERT INTO releases VALUES (
    537902743, 295563748
);
INSERT INTO releases VALUES (
    610638467, 377645389
);
INSERT INTO releases VALUES (
   751649076, 428293746
);
INSERT INTO releases VALUES (
    823749503, 428293746
);
INSERT INTO releases VALUES (
    939872987, 587362987
);
INSERT INTO releases VALUES (
   103983921, 639879353
);
INSERT INTO releases VALUES (
    112982982, 729204840
);
INSERT INTO releases VALUES (
    128239871, 834857584
);
INSERT INTO releases VALUES (
    133288329, 993800393
);


INSERT INTO song VALUES(1, 123454367,154637489,3746,'One',7.25,'Rock');
INSERT INTO song VALUES(2, 123454367,154637489,284,'Blackened',6.42,'Rock');

INSERT INTO song VALUES(3, 123454367,209876546,2736,'Enter Sandman',5.3,'Rock');
INSERT INTO song VALUES(4, 123454367,209876546,393,'Sad But True',5.29,'Rock');

INSERT INTO song VALUES(5, 123454367,398345623,900,'Master of Puppets',8.35,'Rock');
INSERT INTO song VALUES(6, 123454367,398345623,2987,'Battery',5.13,'Rock');

INSERT INTO song VALUES(7, 295563748,401246859,237,'Dialectic Chaos',2.26,'Rock');
INSERT INTO song VALUES(8, 295563748,401246859,10000,'Endgame',5.57,'Rock');

INSERT INTO song VALUES(9, 295563748,537902743,100,'Peace Sells',4.09,'Rock');
INSERT INTO song VALUES(10, 295563748,537902743,1044,'The Conjuring',5.09,'Rock');

INSERT INTO song VALUES(11, 377645389,610638467,3822,'Madhouse',4.26,'Rock');
INSERT INTO song VALUES(12, 377645389,610638467,932,'I am the Law',6.03,'Rock');

INSERT INTO song VALUES(13, 428292645,751649076,2893,'Reptile',3.36,'Rock');
INSERT INTO song VALUES(14, 4282938434,751649076,3343,'Modern Girl',4.49,'Rock');

INSERT INTO song VALUES(15, 428293746,823749503,3344,'Riding with the King',4.23,'Rock');
INSERT INTO song VALUES(16, 428293746,823749503,334,'Key to the Highway',3.39,'Rock');

INSERT INTO song VALUES(17, 587362987,939872987,2723,'Sharp Dressed Man',4.15,'Rock');
INSERT INTO song VALUES(18, 587362987,939872987,3746,'Legs',4.32,'Rock');

INSERT INTO song VALUES(19, 639879353,103983921,2922,'Eruption',1.43,'Rock');
INSERT INTO song VALUES(20, 639879353,103983921,3655,'Hot For Teacher',4.43,'Rock');
INSERT INTO song VALUES(21, 729204840,112982982,7637,'Sweet Home Alabama',4.45,'Rock');
INSERT INTO song VALUES(22, 729204840,112982982,3746,'Free Bird',14.23,'Rock');

INSERT INTO song VALUES(23, 834857584,128239871,3746,'Thunderstruck',4.52,'Rock');
INSERT INTO song VALUES(24, 834857584,128239871,1718,'T.N.T',3.35,'Rock');

INSERT INTO song VALUES(25, 993800393,133288329,1011,'Sgt. Pepper''s Lonely Hearts Club Band', 2.0333,'Rock');
INSERT INTO song VALUES(26, 993800393,133288329,1734,'With a Little Help from My Friends', 2.7333,'Rock');
INSERT INTO song VALUES(27, 993800393,133288329,1734,'Lucy in the Sky with Diamonds', 3.4666,'Rock');
INSERT INTO song VALUES(28, 993800393,133288329,29873,'Getting Better', 2.80,'Rock');
INSERT INTO song VALUES(29, 993800393,133288329,3746,'Fixing a Hole', 2.60,'Rock');
INSERT INTO song VALUES(30, 993800393,133288329,3746,'She''s Leaving Home', 3.5833,'Rock');
INSERT INTO song VALUES(31, 993800393,133288329,2873,'Being for the Benefit of Mr. Kite!',2.6166,'Rock');
INSERT INTO song VALUES(32, 993800393,133288329,3746,'Within You Without You',5.066,'Rock');
INSERT INTO song VALUES(33, 993800393,133288329,9280,'When I''m Sixty-Four',2.6166,'Rock');
INSERT INTO song VALUES(34, 993800393,133288329,9280,'Lovely Rita', 2.7,'Rock');
INSERT INTO song VALUES(35, 993800393,133288329,2836,'Good Morning Good Morning', 2.6833,'Rock');
INSERT INTO song VALUES(36, 993800393,133288329,2836,'Sgt. Pepper''s Lonely Hearts Club Band (Reprise)', 1.3166,'Rock');
INSERT INTO song VALUES(37, 993800393,133288329,3746,'A Day in the Life', 5.65,'Rock');





INSERT INTO album VALUES(
    220876548,
    'Thriller',
    1982,
    'Pop'
);

INSERT INTO album VALUES(
    220876544,
    'Divide',
    2017,
    'Pop'
);

INSERT INTO album VALUES(
    220400999,
    'AM',
    2013,
    'Pop'
);

INSERT INTO album VALUES(
    758493120,
    'Album1',
    1987,
    'Hip hop'
);

INSERT INTO releases VALUES (
    220876548,
    115687669
);

INSERT INTO releases VALUES (
    220876544,
    123753454
);

INSERT INTO releases VALUES (
    220400999,
    115400888
);

INSERT INTO releases VALUES (
    758493120,
    878787878
);



INSERT INTO song VALUES (
    132984789,
    115687669,
    220876548,
    3000,
    'Thriller',
    357,
    'Pop'
);

INSERT INTO song VALUES (
    132984790,
    115687669,
    220876548,
    45132,
    'Beat It',
    258,
    'Pop'
);

INSERT INTO song VALUES (
    132984791,
    115687669,
    220876548,
    45132,
    'Billie Jean',
    312,
    'Pop'
);

INSERT INTO song VALUES (
    132984777,
    123753454,
    220876544,
    1553,
    'Barcelona',
    312,
    'Pop'
);

INSERT INTO song VALUES (
    132984779,
    123753454,
    220876544,
    1348,
    'Happier',
    289,
    'Pop'
);

INSERT INTO song VALUES (
    132984780,
    123753454,
    220876544,
    80,
    'Dive',
    152,
    'Pop'
);

INSERT INTO song VALUES (
    132984781,
    123753454,
    220876544,
    1324703,
    'Shape of You',
    487,
    'Pop'
);

INSERT INTO song VALUES (
    132984782,
    123753454,
    220876544,
    3852,
    'Castle on the Hill',
    322,
    'Pop'
);

INSERT INTO song VALUES (
    132984783,
    123753454,
    220876544,
    98457,
    'Perfect',
    145,
    'Pop'
);

INSERT INTO song VALUES (
    132984784,
    123753454,
    220876544,
    293,
    'Galway Girl',
    172,
    'Pop'
);

INSERT INTO song VALUES (
    132984785,
    123753454,
    220876544,
    10525,
    'New Man',
    299,
    'Pop'
);

INSERT INTO song VALUES (
    132984786,
    123753454,
    220876544,
    2736,
    'How Would You Feel',
    112,
    'Pop'
);

INSERT INTO song VALUES (
    132984787,
    123753454,
    220876544,
    84,
    'Eraser',
    156,
    'Pop'
);

INSERT INTO song VALUES (
    132984788,
    123753454,
    220876544,
    2,
    'Supermarket Flowers',
    89,
    'Pop'
);

INSERT INTO song VALUES (
    132655900,
    115400888,
    220400999,
    9500,
    'Do I Wanna Know?',
    300,
    'Pop'
);

INSERT INTO song VALUES (
    132655901,
    115400888,
    220400999,
    9500,
    'R U Mine?',
    5300,
    'Pop'
);

INSERT INTO song VALUES (
    132655902,
    115400888,
    220400999,
    7500,
    'One For The Road',
    400,
    'Pop'
);

INSERT INTO song VALUES (
    132655903,
    115400888,
    220400999,
    3140,
    'Arabella',
    430,
    'Pop'
);

INSERT INTO song VALUES (
    132655904,
    115400888,
    220400999,
    8890,
    'I Want It All',
    435,
    'Pop'
);

INSERT INTO song VALUES (
    132655905,
    115400888,
    220400999,
    1320,
    'No. 1 Party Anthem',
    403,
    'Pop'
);

INSERT INTO song VALUES (
    132655906,
    115400888,
    220400999,
    6480,
    'Mad Sounds',
    335,
    'Pop'
);

INSERT INTO song VALUES (
    137783456,
    878787878,
    758493120,
    5487,
    'Album1-Song1',
    387,
    'Hip hop'
);

INSERT INTO song VALUES (
    137783457,
    878787878,
    758493120,
    43215,
    'Album1-Song2',
    299,
    'Hip hop'
);

INSERT INTO song VALUES (
    137783458,
    878787878,
    758493120,
    6543243,
    'Album1-Song3',
    421,
    'Hip hop'
);

INSERT INTO song VALUES (
    137783459,
    878787878,
    758493120,
    53243267,
    'Album1-Song3',
    451,
    'Hip hop'
);

INSERT INTO song VALUES (
    137783460,
    878787878,
    758493120,
    5643263,
    'Album1-Song4',
    756,
    'Hip hop'
);

INSERT INTO song VALUES (
    137783461,
    878787878,
    758493120,
    5643263,
    'Album1-Song5',
    756,
    'Jazz Rap'
);

INSERT INTO playlist VALUES (
    876543210,
    897324198,
    'Mike'
);

INSERT INTO playlist VALUES (
    483957943,
    897324200,
    'Ed'
);

INSERT INTO playlist VALUES (
    463545392,
    897337382,
    'Ed'
);

INSERT INTO playlist VALUES (
    563945091,
    735467908,
    'Mike'
);

INSERT INTO contains VALUES (
    897324198,
    132984789
);

INSERT INTO contains VALUES (
    897324200,
    132984777
);

INSERT INTO follows VALUES(
    876543210,
    115687669,
    2,
    1
);

INSERT INTO follows VALUES(
    483957943,
    123753454,
    24,
    14
);


